[
  {
    "id": "c993ac8c-8cba-4395-befb-08e4183a94e5",
    "name": "六",
    "birthDate": "1994-05-18",
    "gender": "女",
    "height": "111",
    "email": "1",
    "createdAt": "2025-07-11T23:45:51.264Z"
  },
  {
    "id": "fd8e1d90-b213-495e-9895-12c7c14b3097",
    "name": "张三",
    "birthDate": "1991-03-07",
    "gender": "男",
    "height": "178",
    "phone": "1",
    "email": "1",
    "createdAt": "2025-07-12T00:12:35.621Z"
  },
  {
    "id": "afd35a57-2cbe-41fa-8a8e-46425669a137",
    "name": "李四",
    "birthDate": "1993-04-13",
    "gender": "男",
    "height": "176",
    "phone": "1",
    "email": "1",
    "address": "1",
    "currentMedications": "1",
    "createdAt": "2025-07-12T00:13:06.293Z"
  },
  {
    "id": "7e63da41-a884-4b46-b316-51a9f1735547",
    "name": "王五",
    "birthDate": "1973-06-14",
    "gender": "女",
    "height": "169",
    "phone": "1",
    "email": "1",
    "address": "1",
    "createdAt": "2025-07-12T00:13:57.602Z"
  },
  {
    "id": "d481c660-d8a6-4014-a094-fa6483e95361",
    "name": "Tianqiao Chen",
    "birthDate": "1973-05-16",
    "gender": "男",
    "height": "170",
    "phone": "1",
    "email": "1",
    "createdAt": "2025-07-12T02:53:18.976Z"
  }
]